<?xml version="1.0" encoding="UTF-8"?>
<entity-mappings xmlns="https://jakarta.ee/xml/ns/persistence/orm"
                 version="3.0">

    <entity class="domain.Employee">
        <table name="EMPLOYEES" schema="HR" catalog="TEST"/>
        <attributes>
            <id name="employeeId">
                <column name="EMPLOYEE_ID"/>
            </id>
            <basic name="firstName">
                <column name="FIRST_NAME"/>
            </basic>
            <basic name="lastName">
                <column name="LAST_NAME"/>
            </basic>
            <basic name="email">
                <column name="EMAIL"/>
            </basic>
            <basic name="phoneNumber">
                <column name="PHONE_NUMBER"/>
            </basic>
            <basic name="hireDate">
                <column name="HIRE_DATE"/>
            </basic>
            <basic name="jobId">
                <column name="JOB_ID"/>
            </basic>
            <basic name="salary">
                <column name="SALARY"/>
            </basic>
            <basic name="commissionPct">
                <column name="COMMISSION_PCT"/>
            </basic>
            <basic name="managerId">
                <column name="MANAGER_ID"/>
            </basic>
            <basic name="departmentId">
                <column name="DEPARTMENT_ID"/>
            </basic>
        </attributes>
    </entity>
</entity-mappings>
