<?xml version="1.0" encoding="UTF-8"?>

<beans xmlns="http://www.springframework.org/schema/beans"
	xmlns:xsi="http://www.w3.org/2001/XMLSchema-instance"
	xmlns:context="http://www.springframework.org/schema/context"
	xsi:schemaLocation="http://www.springframework.org/schema/beans
						http://www.springframework.org/schema/beans/spring-beans-4.0.xsd
						http://www.springframework.org/schema/context
						http://www.springframework.org/schema/context/spring-context-4.0.xsd">

	<bean id='klavier'	class="beans.Klavier" scope="prototype"/>
	
	<bean id="gitarre"	class="beans.Gitarre" scope="prototype"/>	
		
	<bean id="klavierspieler" class="beans.Musiker" scope="prototype" >
		<constructor-arg ref="klavier"/>
	</bean>
	
	<bean id="gitarist" class="beans.Musiker" scope="prototype">
		<constructor-arg ref="gitarre"/>
	</bean>	

</beans>

