<?xml version="1.0" encoding="UTF-8"?>
<beans xmlns="http://www.springframework.org/schema/beans"
	xmlns:xsi="http://www.w3.org/2001/XMLSchema-instance"
	xsi:schemaLocation="http://www.springframework.org/schema/beans
						http://www.springframework.org/schema/beans/spring-beans-4.0.xsd">

	<bean id="sumService" class="beans.SumServiceImpl"/>
	
	<bean id="sumService1" class="beans.SumServiceImpl"/>
	
	<bean id="diffService" class="beans.DiffServiceImpl"/>
	
	<bean id="mathService" class="beans.MathServiceImpl"> 
		<constructor-arg ref="sumService"/>
		<constructor-arg ref="diffService"/>
	</bean>

	<alias alias="math" name="mathService"/>
	
</beans>

